id;commission;created_time;created_by;updated_time;updated_by
f8bf9d77-ee8a-4210-a220-e0694f228b36;23355.29;2025-07-23T07:31:53;publicity whether er;2025-07-23T01:10:23;fraudster like
9af4fe18-ea1b-4b3b-812b-82fcb5c4c1bc;31747.47;2025-07-23T02:36:28;times a;2025-07-22T19:08:17;hmph
e7a589fd-3412-4826-ada2-4e8beede88e1;17393.09;2025-07-23T08:42:54;embed;2025-07-23T09:39:58;how
12081148-34f4-4b21-af59-4e35db0107cb;29417.8;2025-07-23T02:22:01;miscalculate impartial;2025-07-23T01:48:26;psst
3a230f5f-8bdf-4643-a456-f683478a3fe0;21711.21;2025-07-23T08:51:23;govern witty doting;2025-07-23T14:20:23;fen whoever cuckoo
c2375ca3-95e7-465d-b3f9-3f0f2a98d598;4019.91;2025-07-23T02:31:26;safe;2025-07-23T08:26:08;offensively save
8f6b18dd-7f4f-4d4c-8ca6-b6c7c5956325;30776.77;2025-07-22T22:53:16;emphasise extroverted a;2025-07-23T01:36:43;yearly expensive
430e66be-2883-4e2f-987f-34b99bc56b63;4618.54;2025-07-23T02:37:15;hover aw intently;2025-07-23T00:17:13;comfortable
e4343daa-7008-4082-91be-442e433620c6;4124.85;2025-07-22T19:17:27;failing before;2025-07-23T08:33:31;furthermore relaunch
9696513c-46d4-4034-9033-a12a91accd83;13250.31;2025-07-22T17:16:50;while;2025-07-22T15:11:26;nifty what pale
